Date,Area,Point,Ice Thickness,Snow Depth
2024-11-26,R1,Center,44.0,5.0
2024-11-26,R1,E,42.0,2.0
2024-11-26,R1,SE,42.0,2.0
2024-11-26,R1,S,43.0,3.0
2024-11-26,R1,SW,42.0,1.0
2024-11-26,R1,W,41.0,3.0
2024-11-26,R2,Center,44.0,11.0
2024-11-26,R2,E,43.0,4.0
2024-11-26,R2,SE,43.0,7.0
2024-11-26,R2,S,42.0,4.0
2024-11-26,R2,SW,43.0,4.0
2024-11-26,R2,W,42.0,5.0
2024-11-26,R3,Center,47.0,4.0
2024-11-26,R3,E,42.0,7.0
2024-11-26,R3,SE,41.0,
2024-11-26,R3,S,40.0,4.0
2024-11-26,R3,SW,40.0,
2024-11-26,R3,W,43.0,3.0
2024-11-26,R4,Center,40.0,3.0
2024-11-26,R4,E,40.0,3.0
2024-11-26,R4,SE,41.0,
2024-11-26,R4,S,37.0,4.0
2024-11-26,R4,SW,39.0,
2024-11-26,R4,W,40.0,
2024-11-26,R5,Center,37.0,2.0
2024-11-26,R5,E,43.0,4.0
2024-11-26,R5,SE,43.0,
2024-11-26,R5,S,41.0,3.0
2024-11-26,R5,SW,42.0,
2024-11-26,R5,W,41.0,5.0
2024-11-26,R5,,40.0,
2024-11-26,C1,Center,44.0,3.0
2024-11-26,C2,Center,42.0,
2024-11-26,C3,Center,42.0,
2024-11-26,R6,Center,42.0,
2024-11-26,R7,Center,42.0,
2024-11-26,R8,Center,42.0,
2024-11-29,C1,Center,48.0,4.0
2024-11-30,R1,W,48.0,0.0
2024-12-02,R1,Center,54.0,5.0
2024-12-02,R1,Center,53.0,
2024-12-02,R1,Center,50.0,
2024-12-02,R2,Center,49.0,4.0
2024-12-02,R2,Center,50.0,
2024-12-02,R3,Center,54.0,
2024-12-02,R4,Center,50.0,2.5
2024-12-03,R1,,50.0,
2024-12-03,R3,,55.0,
2024-12-03,R4,,48.0,
2024-12-03,R4,,51.0,
2024-12-03,R4,,49.0,
2024-12-03,R2,,50.0,
2024-12-04,R2,,48.0,4.0
2024-12-04,R2,,50.0,
2024-12-04,R3,,56.0,4.0
2024-12-04,R3,,48.0,8.5
2024-12-04,R2,,46.0,
2024-12-04,R3,,52.0,10.0
2024-12-04,R3,,48.0,6.0
2024-12-04,R2,,49.0,4.5
2024-12-04,R3,,52.0,5.0
2024-12-04,R1,SW,50.0,
2024-12-05,R1,E,51.0,
2024-12-05,R2,N,53.0,
2024-12-05,R3,NE,51.0,
2024-12-05,R1,NE,51.0,
2024-12-05,R2,SW,55.0,
2024-12-05,R3,SE,54.5,
2024-12-06,R4,NE,49.0,8.0
2024-12-06,R8,Center,52.0,12.0
2024-12-06,R7,Center,53.0,4.0
2024-12-06,R6,Center,48.0,12.0
2024-12-06,C2,Center,49.0,11.0
2024-12-06,C3,Center,49.0,3.0
2024-12-06,R4,SE,48.0,3.0
2024-12-06,R4,W,53.0,4.5
2024-12-07,R2,Center,55.0,4.0
2024-12-07,R2,Center,50.0,6.0
2024-12-07,R2,SE,55.0,6.0
2024-12-07,R4,SE,54.0,5.0
2024-12-07,R4,S,57.0,5.0
2024-12-07,R2,Center,52.0,4.0
2024-12-11,R2,,56.5,
2024-12-11,R4,Center,53.0,
2024-12-11,R4,Center,50.0,
2024-12-14,R5,E,58.0,4.0
2024-12-14,R5,S,59.0,2.0
2024-12-14,R5,W,62.0,4.0
2024-12-14,R5,N,64.0,4.0
2024-12-14,R6,E,58.0,4.0
2024-12-14,R6,S,68.0,15.0
2024-12-14,R6,W,61.0,6.0
2024-12-14,R6,N,63.0,11.0
2024-12-14,R7,E,62.0,4.0
2024-12-14,R7,S,56.0,2.0
2024-12-14,R7,W,59.0,4.0
2024-12-14,R7,N,58.0,1.0
2024-12-14,R8,E,59.0,2.0
2024-12-14,R8,S,55.0,22.0
2024-12-14,R8,W,63.0,5.0
2024-12-14,R8,N,68.0,7.0
2024-12-14,C1,E,60.0,4.0
2024-12-14,C1,S,62.0,3.0
2024-12-14,C1,W,61.0,2.0
2024-12-14,C1,N,58.0,3.0
2024-12-14,C2,E,68.0,8.0
2024-12-14,C2,S,58.0,5.0
2024-12-14,C2,W,58.0,3.0
2024-12-14,C2,N,64.0,5.0
2024-12-14,C3,E,56.0,6.0
2024-12-14,C3,S,58.0,5.0
2024-12-14,C3,W,62.0,2.0
2024-12-14,C3,N,64.0,8.0
2025-01-15,R5,S,95.0,4.0
2025-01-15,R5,SW,96.0,8.0
2025-01-15,R5,W,98.0,9.0
2025-01-15,R6,S,89.0,10.0
2025-01-15,R6,W,88.0,12.0
2025-01-15,R7,S,93.0,12.0
2025-01-15,R7,SW,96.0,17.0
2025-01-15,R7,W,97.0,11.0
2025-01-15,R8,S,84.0,27.0
2025-01-15,R8,W,82.0,17.0
2025-01-17,R7,Center,91.0,
2025-01-17,R5,Center,70.0,
2025-01-18,R5,N,91.0,18.0
2025-01-19,R8,,84.0,9.0
2025-01-19,R8,,100.0,16.0
2025-01-19,R8,,90.0,12.0
2025-01-19,R7,,94.0,14.0
2025-01-19,R6,,87.0,12.0
2025-01-19,R6,,104.0,14.0
2025-01-19,R6,,86.0,13.0
2025-01-19,R6,,92.0,13.0
2025-01-21,R5,,84.0,13.0
2025-01-22,R5,,101.0,12.0
2025-01-22,R5,,103.0,9.0
2025-01-22,R6,,98.0,11.0
2025-01-22,R6,,97.0,9.0
2025-01-22,R7,,93.0,12.0
2025-01-22,R7,,97.0,12.0
2025-01-22,R8,,94.0,13.0
2025-01-22,R8,,88.0,10.0
2025-01-24,C1,,95.0,13.0
2025-01-28,C1,,110.0,15.0
2025-01-28,C3,,112.0,9.0
2025-01-29,C2,,100.0,18.0
2025-01-29,C2,,100.0,12.0
2025-01-29,C2,,86.0,20.0
2025-01-29,C2,,100.0,11.0
2025-01-29,R5,,103.0,7.0
2025-01-29,R5,,90.0,14.0
2025-01-29,R5,,108.0,7.0
2025-01-29,R5,,106.0,11.0
2025-01-29,R6,,95.0,15.0
2025-01-29,R6,,105.0,11.0
2025-01-29,R6,,97.0,13.0
2025-01-30,R7,,104.0,13.0
2025-01-30,R7,,117.0,8.0
2025-02-12,R3,,124.0,27.0
2025-02-16,R6,,128.0,7.0
2025-02-17,C1,Center,121.0,12.5
2025-02-17,C1,S,112.0,28.0
2025-02-17,C1,E,105.0,12.0
2025-02-17,C1,N,116.0,28.0
2025-02-17,C1,W,109.0,28.0
2025-02-17,C3,Center,124.0,9.0
2025-02-17,C3,S,126.0,13.5
2025-02-17,C3,E,123.0,9.0
2025-02-17,C3,N,107.0,13.5
2025-02-17,C3,W,120.0,11.0
2025-02-17,C2,Center,107.0,5.0
2025-02-17,C2,E,113.0,20.0
2025-02-17,C2,N,123.0,5.0
2025-02-17,C2,W,111.0,20.0
2025-02-17,C2,S,112.0,12.0
2025-02-20,R3,Center,127.0,7.0
2025-02-20,R3,W,118.0,19.0
2025-02-20,R3,S,125.0,6.0
2025-02-20,R3,E,120.0,7.0
2025-02-20,R6,N,120.0,23.0
2025-02-20,R6,W,114.0,26.0
2025-02-20,R6,S,118.0,6.0
2025-02-20,R7,Center,124.0,26.0
2025-02-20,R7,N,122.0,26.0
2025-02-20,R7,W,105.0,19.0
2025-02-20,R7,S,122.0,29.0
2025-02-20,R7,E,97.0,26.0
2025-02-22,C1,Center,113.0,19.0
2025-02-22,C1,N,121.0,24.0
2025-02-22,C1,W,115.0,20.0
2025-02-22,C1,S,110.0,23.0
2025-02-22,C1,E,121.0,16.0
2025-02-22,C2,Center,130.0,14.0
2025-02-22,C2,N,132.0,17.0
2025-02-22,C2,W,135.0,10.0
2025-02-22,C2,S,130.0,4.0
2025-02-22,C2,E,134.0,14.0
2025-02-22,C3,Center,130.0,10.0
2025-02-22,C3,N,128.0,11.0
2025-02-22,C3,W,107.0,17.0
2025-02-22,C3,S,128.0,15.0
2025-02-22,C3,E,143.0,12.0
2025-03-17,C1,S,130.0,30.0
2025-03-17,C2,S,136.0,10.0
2025-03-17,C3,S,148.0,15.0
2025-03-29,C1,N,152.0,13.0
2025-03-29,C1,S,152.0,13.0
2025-03-29,C1,E,147.0,3.0
2025-03-29,C1,W,139.0,26.0
2025-03-29,C2,N,150.0,27.0
2025-03-29,C2,S,136.0,11.0
2025-03-29,C2,E,152.0,18.0
2025-03-29,C2,W,148.0,32.0
2025-03-29,C3,N,154.0,15.0
2025-03-29,C3,S,154.0,11.0
2025-03-29,C3,E,152.0,28.0
2025-03-29,C3,W,144.0,14.0
2025-04-04,C1,N,155.0,20.0
2025-04-04,C1,S,165.0,28.0
2025-04-04,C1,E,160.0,18.0
2025-04-04,C1,W,160.0,22.0
2025-04-04,C2,N,144.0,20.0
2025-04-04,C2,S,140.0,24.0
2025-04-04,C2,E,143.0,19.0
2025-04-04,C2,W,141.0,11.0
2025-04-04,C3,N,155.0,12.0
2025-04-04,C3,S,160.0,20.0
2025-04-04,C3,E,156.0,17.0
2025-04-04,C3,W,156.0,14.0
2025-04-16,C1,,142.0,31.0
2025-04-16,C2,,145.0,21.0
2025-04-16,C3,,162.0,19.0
2025-04-20,C1,N,144.0,
2025-04-20,C1,S,146.0,
2025-04-20,C1,E,134.0,
2025-04-20,C1,W,143.0,
2025-04-20,C2,N,153.0,
2025-04-20,C2,S,159.0,
2025-04-20,C2,E,145.0,
2025-04-20,C2,W,142.0,
2025-04-20,C3,N,166.0,
2025-04-20,C3,S,162.0,
2025-04-20,C3,E,161.0,
2025-04-20,C3,W,160.0,
2025-05-03,C1,N,148.0,40.0
2025-05-03,C1,E,130.0,35.0
2025-05-03,C1,S,147.0,38.0
2025-05-03,C1,W,150.0,28.0
2025-05-03,C2,N,162.0,27.0
2025-05-03,C2,E,152.0,31.0
2025-05-03,C2,S,157.0,23.0
2025-05-03,C2,W,160.0,35.0
2025-05-03,C3,N,172.0,15.0
2025-05-03,C3,E,166.0,19.0
2025-05-03,C3,S,172.0,13.0
2025-05-03,C3,W,161.0,25.0
2025-05-11,C1,,152.0,30.0
2025-05-11,C1,,177.0,10.0
2025-05-11,C1,,182.0,8.0
2025-05-11,C1,,167.0,34.0
2025-05-11,C1,,137.0,40.0
2025-05-11,C1,,154.0,28.0
2025-05-11,C1,,177.0,8.0
2025-05-11,C1,,167.0,18.0
2025-05-11,C1,,187.0,24.0
2025-05-11,C1,,182.0,23.0
2025-05-11,C1,,183.0,18.0
2025-05-11,C1,,165.0,25.0
2025-05-11,C1,,163.0,25.0
2025-05-11,C1,,176.0,18.0
2025-05-11,C1,,160.0,25.0
2025-05-11,C1,,142.0,38.0
2025-05-11,C1,,171.0,30.0
2025-05-11,C1,,180.0,6.0
2025-05-11,C1,,145.0,38.0
2025-05-11,C1,,162.0,23.0
2025-05-11,C1,,180.0,28.0
2025-05-11,C1,,161.0,23.0
2025-05-11,C1,,170.0,9.0
2025-05-11,C1,,164.0,17.0
2025-05-12,R5,,164.0,29.0
2025-05-12,R5,,169.0,29.0
2025-05-12,R5,,142.0,25.0
2025-05-12,C3,,172.0,16.0
2025-05-12,C3,,157.0,38.0
2025-05-12,C3,,146.0,28.0
2025-05-12,C3,,136.0,44.0
2025-05-12,C3,,157.0,19.0
2025-05-12,C3,,136.0,30.0
2025-05-12,C3,,170.0,30.0
2025-05-12,C3,,157.0,37.0
2025-05-12,C3,,163.0,25.0
2025-05-12,C3,,172.0,30.0
2025-05-12,C3,,157.0,30.0
2025-05-12,C3,,149.0,20.0
2025-05-12,C3,,155.0,28.0
2025-05-12,C3,,178.0,23.0
2025-05-12,C3,,145.0,28.0
2025-05-12,C3,,141.0,28.0
2025-05-12,R1,,132.0,34.0
2025-05-12,R1,,115.0,77.0
2025-05-12,R1,,156.0,20.0
2025-05-13,R2,,154.0,31.0
2025-05-13,R2,,166.0,30.0
2025-05-13,R2,,167.0,19.0
2025-05-13,R2,,190.0,22.0
2025-05-13,R3,,158.0,20.0
2025-05-13,R3,,150.0,33.0
2025-05-13,R3,,181.0,21.0
2025-05-13,R4,,146.0,27.0
2025-05-13,R4,,172.0,17.0
2025-05-13,R4,,168.0,34.0
2025-05-13,R4,,151.0,26.0
2025-05-13,R4,,169.0,24.0
2025-05-14,R6,,149.0,30.0
2025-05-14,R7,,163.0,22.0
2025-05-14,R7,,161.0,21.0
2025-05-14,R7,,178.0,18.0
2025-05-15,R8,,146.0,35.0
2025-05-15,R8,,158.0,31.0
2025-05-15,R8,,171.0,20.0
2025-05-15,C2,,179.0,19.0
2025-05-15,C2,,166.0,21.0
2025-05-15,C2,,158.0,35.0
2025-05-15,C2,,162.0,24.0
2025-05-15,C2,,154.0,23.0
2025-05-15,C2,,151.0,26.0
2025-05-15,C2,,164.0,27.0
2025-05-15,C2,,182.0,16.0
2025-05-15,C2,,174.0,14.0
2025-05-15,C2,,166.0,19.0
2025-05-15,C2,,163.0,27.0
2025-05-15,C2,,149.0,28.0
2025-05-15,C2,,157.0,29.0
2025-05-15,C2,,153.0,17.0
2025-05-15,C2,,153.0,26.0
2025-05-15,C2,,176.0,13.0
2025-05-20,C1,Center,,40.0
2025-05-20,C2,Center,,36.0
2025-05-20,C3,Center,,23.0
2025-05-31,C2,NE,122.0,
2025-05-31,C2,SE,135.0,
2025-05-31,C2,SW,164.0,
2025-05-31,C2,NW,134.0,
2025-06-09,R2,N,144.0,
2025-06-09,R2,E,112.0,
2025-06-09,R2,SE,122.0,
2025-06-09,R4,SE,134.0,
2025-06-09,R4,Center,112.0,
2025-06-09,R8,NW,116.0,
2025-06-09,R8,NW,130.0,
2025-06-09,R8,SE,142.0,
2025-06-09,R8,SE,122.0,
2025-06-09,C2,NE,100.0,
2025-06-09,C2,NE,140.0,
2025-06-09,C2,E,139.0,
2025-06-09,C2,SE,134.0,
2025-06-09,C2,SE,111.0,
2025-06-09,C2,SW,132.0,
2025-06-09,C2,SW,139.0,
2025-06-09,C2,W,115.0,
2025-06-09,C2,W,109.0,
2025-06-09,C2,NW,112.0,
2025-06-09,C2,NW,110.0,
2025-06-09,C2,N,123.0,
