Date,Area,Point,Ice Thickness,Snow Depth,Flooding1,Flooding2
2024-11-30,R1,S,60.0,0.0,2024-11-27,
2024-11-30,R1,E,58.0,0.0,2024-11-27,
2024-11-30,R2,W,58.0,0.0,2024-11-27,
2024-11-30,R2,S,57.0,0.0,2024-11-27,
2024-11-30,R2,E,57.0,0.0,2024-11-27,
2024-11-30,R3,W,61.0,0.0,2024-11-27,
2024-11-30,R3,S,67.0,0.0,2024-11-27,
2024-11-30,R3,E,59.0,0.0,2024-11-27,
2024-11-30,R4,W,59.0,0.0,2024-11-27,
2024-11-30,R4,S,60.0,0.0,2024-11-27,
2024-11-30,R4,E,59.0,0.0,2024-11-27,
2024-12-02,R3,W,67.0,4.0,2024-11-30,
2024-12-02,R3,S,65.0,,2024-11-30,
2024-12-02,R3,E,61.0,,2024-11-30,
2024-12-02,R3,N,63.0,,2024-11-30,
2024-12-04,R1,E,59.0,,2024-11-27,
2024-12-04,R1,E,64.5,,2024-11-27,
2024-12-04,R1,E,66.0,,2024-11-27,
2024-12-04,R1,E,67.0,,2024-11-27,
2024-12-04,R1,E,66.0,,2024-11-27,
2024-12-04,R1,E,62.5,,2024-11-27,
2024-12-04,R1,E,59.0,,2024-11-27,
2024-12-04,R1,SW,68.0,,2024-11-27,
2024-12-04,R1,SW,61.0,,2024-11-27,
2024-12-04,R1,SW,61.0,,2024-11-27,
2024-12-04,R1,SW,56.0,,2024-11-27,
2024-12-05,R1,N,76.0,4.0,2024-11-27,
2024-12-05,R1,N,73.0,,2024-11-27,
2024-12-05,R1,N,70.0,4.0,2024-11-27,
2024-12-05,R1,N,61.0,5.0,2024-11-27,
2024-12-05,R1,N,54.0,4.0,2024-11-27,
2024-12-05,R1,N,57.0,,2024-11-27,
2024-12-05,R1,N,54.0,,2024-11-27,
2024-12-05,R1,S,73.0,,2024-11-27,
2024-12-05,R1,S,77.0,,2024-11-27,
2024-12-05,R1,S,76.0,,2024-11-27,
2024-12-05,R1,S,70.0,,2024-11-27,
2024-12-05,R1,S,65.0,,2024-11-27,
2024-12-05,R1,S,67.0,,2024-11-27,
2024-12-05,R1,S,55.0,,2024-11-27,
2024-12-05,R1,W,78.0,,2024-11-27,
2024-12-05,R1,W,70.0,,2024-11-27,
2024-12-05,R1,W,67.0,,2024-11-27,
2024-12-05,R1,W,60.0,,2024-11-27,
2024-12-05,R1,W,57.0,,2024-11-27,
2024-12-05,R1,W,60.0,,2024-11-27,
2024-12-05,R1,E,77.0,,2024-11-27,
2024-12-05,R1,E,78.0,,2024-11-27,
2024-12-05,R1,E,77.0,,2024-11-27,
2024-12-05,R1,E,77.0,,2024-11-27,
2024-12-05,R1,E,73.0,,2024-11-27,
2024-12-05,R1,E,67.0,,2024-11-27,
2024-12-05,R1,E,54.0,,2024-11-27,
2024-12-05,R2,N,71.0,,2024-11-27,
2024-12-05,R2,N,72.0,,2024-11-27,
2024-12-05,R2,N,70.0,,2024-11-27,
2024-12-05,R2,N,63.5,,2024-11-27,
2024-12-05,R2,N,63.0,,2024-11-27,
2024-12-05,R2,N,55.0,,2024-11-27,
2024-12-05,R2,S,69.0,,2024-11-27,
2024-12-05,R2,S,70.0,,2024-11-27,
2024-12-05,R2,S,69.0,,2024-11-27,
2024-12-05,R2,S,66.0,,2024-11-27,
2024-12-05,R2,S,57.0,,2024-11-27,
2024-12-05,R2,S,57.0,,2024-11-27,
2024-12-05,R2,W,69.0,,2024-11-27,
2024-12-05,R2,W,71.0,,2024-11-27,
2024-12-05,R2,W,69.0,,2024-11-27,
2024-12-05,R2,W,64.0,,2024-11-27,
2024-12-05,R2,W,57.0,,2024-11-27,
2024-12-05,R2,W,56.0,,2024-11-27,
2024-12-05,R2,E,73.0,,2024-11-27,
2024-12-05,R2,E,73.0,,2024-11-27,
2024-12-05,R2,E,70.0,,2024-11-27,
2024-12-05,R2,E,63.0,,2024-11-27,
2024-12-05,R2,N,69.0,,2024-11-27,
2024-12-05,R1,NW,57.0,,2024-11-27,
2024-12-06,R4,SE,57.0,10.0,2024-12-04,
2024-12-06,R3,S,56.0,8.0,2024-12-04,
2024-12-06,R3,SE,59.0,10.0,2024-12-04,
2024-12-06,R4,SW,54.0,4.5,2024-12-04,
2024-12-06,R3,W,62.0,3.0,2024-12-04,
2024-12-07,R2,E,58.0,5.0,2024-12-05,
2024-12-07,R2,SE,59.0,4.0,2024-12-05,
2024-12-11,R3,Center,61.0,,2024-12-09,
2024-12-11,R3,Center,63.0,,2024-12-09,
2024-12-11,R3,Center,61.0,,2024-12-09,
2024-12-11,R3,Center,61.0,,2024-12-09,
2024-12-11,R4,Center,59.0,,2024-12-09,
2024-12-11,R4,Center,61.0,,2024-12-09,
2024-12-12,R4,N,67.0,,2024-12-10,
2024-12-13,R1,E,79.0,2.0,2024-11-27,
2024-12-13,R1,S,77.0,4.0,2024-11-27,
2024-12-13,R1,W,75.0,7.0,2024-11-27,
2024-12-13,R1,N,72.0,4.0,2024-11-27,
2024-12-13,R2,E,62.0,6.0,2024-11-27,
2024-12-13,R2,S,74.0,2.0,2024-11-27,
2024-12-13,R2,W,66.0,1.0,2024-11-27,
2024-12-13,R2,N,65.0,7.0,2024-11-27,
2024-12-13,R3,E,68.0,2.0,2024-11-27,
2024-12-13,R3,S,69.0,3.0,2024-11-27,
2024-12-13,R3,W,69.0,3.0,2024-11-27,
2024-12-13,R3,N,76.0,3.0,2024-11-27,
2024-12-13,R4,E,64.0,4.0,2024-11-27,
2024-12-13,R4,S,69.0,4.0,2024-11-27,
2024-12-13,R4,W,60.0,4.0,2024-11-27,
2024-12-13,R4,N,66.0,4.0,2024-11-27,
2025-01-15,R1,S,104.0,13.0,2024-12-01,
2025-01-15,R1,SW,84.0,12.0,2024-12-01,
2025-01-15,R1,W,102.0,5.0,2024-12-01,
2025-01-15,R2,S,109.0,8.0,2024-12-01,
2025-01-15,R2,SW,108.0,7.0,2024-12-01,
2025-01-15,R2,W,91.0,7.0,2024-12-01,
2025-01-18,R5,S,113.0,1.0,2025-01-15,
2025-01-19,R8,,117.0,0.0,2025-01-15,
2025-01-19,R8,,115.0,0.0,2025-01-15,
2025-01-19,R8,,112.0,0.0,2025-01-15,
2025-01-19,R7,,129.0,0.0,2025-01-15,
2025-01-19,R7,,117.0,0.0,2025-01-15,
2025-01-19,R7,,115.0,0.0,2025-01-15,
2025-01-19,R6,,107.0,0.0,2025-01-15,
2025-01-19,R6,,118.0,0.0,2025-01-15,
2025-01-19,R6,,129.0,0.0,2025-01-15,
2025-01-19,R5,,120.0,0.0,2025-01-15,
2025-01-19,R5,,112.0,0.0,2025-01-15,
2025-01-19,R5,,112.0,0.0,2025-01-15,
2025-01-21,R7,,119.0,0.0,2025-01-19,
2025-01-21,R7,,124.0,0.0,2025-01-19,
2025-01-21,R7,,139.0,0.0,2025-01-19,
2025-01-21,R6,,114.0,1.0,2025-01-19,
2025-01-21,R6,,110.0,1.0,2025-01-19,
2025-01-21,R6,,116.0,2.0,2025-01-19,
2025-01-23,R5,,108.0,0.0,2025-01-21,
2025-01-23,R5,,107.0,0.0,2025-01-21,
2025-01-23,R5,,108.0,0.0,2025-01-21,
2025-01-23,R6,,108.0,0.0,2025-01-21,
2025-01-23,R6,,108.0,0.0,2025-01-21,
2025-01-23,R6,,120.0,0.0,2025-01-21,
2025-01-23,R7,,113.0,0.0,2025-01-21,
2025-01-23,R7,,110.0,0.0,2025-01-21,
2025-01-23,R8,,110.0,0.0,2025-01-21,
2025-01-23,R8,,107.0,0.0,2025-01-21,
2025-01-23,R8,,113.0,0.0,2025-01-21,
2025-01-24,R5,,113.0,11.0,2025-01-22,
2025-01-24,R5,,123.0,11.0,2025-01-22,
2025-01-24,R5,,110.0,11.0,2025-01-22,
2025-01-24,R6,,128.0,5.0,2025-01-22,
2025-01-24,R6,,106.0,1.0,2025-01-22,
2025-01-24,R6,,120.0,6.0,2025-01-22,
2025-01-24,R7,,120.0,4.0,2025-01-22,
2025-01-24,R7,,110.0,2.0,2025-01-22,
2025-01-24,R7,,115.0,1.0,2025-01-22,
2025-01-24,R8,,123.0,4.0,2025-01-22,
2025-01-24,R8,,107.0,4.0,2025-01-22,
2025-01-24,R8,,113.0,4.0,2025-01-22,
2025-01-28,R1,,113.0,28.0,2024-12-01,
2025-01-29,R8,,120.0,6.0,2025-01-15,
2025-01-29,R8,,121.0,6.0,2025-01-15,
2025-01-29,R8,,114.0,3.0,2025-01-15,
2025-01-29,R8,,114.0,4.0,2025-01-15,
2025-01-29,R4,,123.0,9.0,2025-01-15,
2025-01-29,R4,,109.0,22.0,2025-01-15,
2025-01-29,R4,,115.0,13.0,2025-01-15,
2025-01-29,R4,,116.0,14.0,2025-01-15,
2025-01-29,R6,,118.0,0.0,2025-01-27,
2025-01-30,R3,Center,118.0,18.0,2024-12-01,
2025-01-30,R3,,114.0,22.0,2024-12-01,
2025-01-30,R3,,105.0,17.0,2024-12-01,
2025-01-30,R3,,113.0,9.0,2024-12-01,
2025-01-30,R2,,114.0,17.0,2024-12-01,
2025-01-30,R2,,123.0,5.0,2024-12-01,
2025-01-30,R2,,122.0,5.0,2024-12-01,
2025-01-31,R5,,122.0,0.0,2024-12-01,
2025-01-31,R5,,120.0,0.0,2024-12-01,
2025-02-12,R6,,117.0,20.0,2025-01-15,
2025-02-12,R7,,140.0,9.0,2025-01-26,
2025-02-12,R4,,114.0,10.0,2025-01-25,
2025-02-13,R3,,130.0,4.0,2024-12-06,
2025-02-13,R4,,144.0,4.0,2024-12-06,
2025-02-13,R6,,138.0,6.0,2025-01-22,
2025-02-13,R7,,130.0,4.0,2025-01-25,
2025-02-14,R3,,127.0,21.0,2024-12-04,
2025-02-14,R4,,127.0,18.0,2024-12-04,
2025-02-14,R6,,132.0,16.0,2025-01-27,
2025-02-14,R7,,138.0,11.0,2025-01-23,
2025-02-15,R3,,130.0,18.0,2024-12-04,
2025-02-15,R4,,119.0,11.0,2024-12-04,
2025-02-15,R6,,122.0,18.0,2025-01-21,
2025-02-15,R7,,130.0,14.0,2025-01-21,
2025-02-16,R3,,125.0,14.0,2024-12-11,
2025-02-16,R4,,135.0,27.0,2024-12-04,
2025-02-16,R7,,128.0,9.0,2025-01-25,
2025-02-16,R3,,138.0,0.0,2024-12-04,2025-02-14
2025-02-16,R3,,130.0,0.0,2024-12-04,2025-02-14
2025-02-16,R3,,124.0,0.0,2024-12-04,2025-02-14
2025-02-16,R4,,150.0,0.0,2024-12-04,2025-02-14
2025-02-16,R4,,149.0,0.0,2024-12-04,2025-02-14
2025-02-16,R4,,146.0,0.0,2024-12-04,2025-02-14
2025-02-16,R7,,130.0,0.0,2025-01-23,2025-02-14
2025-02-17,R3,,130.0,15.0,2024-12-06,
2025-02-17,R4,,131.0,19.0,2024-12-07,
2025-02-17,R6,,137.0,11.0,2025-01-21,
2025-02-17,R7,,130.0,11.0,2025-01-21,
2025-02-17,R5,Center,144.0,6.5,2025-01-15,
2025-02-17,R5,S,147.0,20.0,2025-01-15,
2025-02-17,R5,E,158.0,6.5,2025-01-15,
2025-02-17,R5,N,134.0,20.0,2025-01-15,
2025-02-17,R5,W,136.0,13.0,2025-01-15,
2025-02-17,R6,,143.0,0.0,2025-01-27,2025-02-14
2025-02-17,R6,,149.0,0.0,2025-01-27,2025-02-14
2025-02-17,R7,,153.0,0.0,2025-01-23,2025-02-14
2025-02-17,R7,,137.0,0.0,2025-01-23,2025-02-14
2025-02-17,R7,,147.0,0.0,2025-01-23,2025-02-14
2025-02-17,R7,,156.0,0.0,2025-01-23,2025-02-14
2025-02-17,R1,Center,115.0,9.0,2024-12-04,
2025-02-17,R1,N,122.0,29.0,2024-12-04,
2025-02-17,R1,E,134.0,9.0,2024-12-04,
2025-02-17,R1,S,148.0,29.0,2024-12-04,
2025-02-17,R1,W,130.0,19.0,2024-12-04,
2025-02-17,R2,Center,128.0,8.0,2024-12-04,
2025-02-17,R2,E,136.0,20.0,2024-12-04,
2025-02-17,R2,N,135.0,8.0,2024-12-04,
2025-02-17,R2,W,133.0,20.0,2024-12-04,
2025-02-17,R2,S,132.0,14.0,2024-12-04,
2025-02-17,R8,Center,143.0,6.0,2025-01-15,
2025-02-17,R8,E,132.0,20.0,2025-01-15,
2025-02-17,R8,N,138.0,6.0,2025-01-15,
2025-02-17,R8,W,130.0,20.0,2025-01-15,
2025-02-17,R8,S,125.0,13.0,2025-01-15,
2025-02-18,R6,Center,130.0,8.0,2025-01-21,
2025-02-18,R7,Center,135.0,8.0,2025-01-21,
2025-02-18,R3,Center,135.0,16.0,2024-12-11,
2025-02-18,R4,Center,129.0,12.0,2024-12-04,
2025-02-18,R7,,146.0,0.0,,2025-02-14
2025-02-18,R7,,154.0,0.0,,2025-02-14
2025-02-18,R7,,149.0,0.0,,2025-02-14
2025-02-19,R6,Center,144.0,,2025-01-24,
2025-02-19,R7,Center,137.0,,2025-01-27,
2025-02-19,R3,Center,138.0,,2024-12-11,
2025-02-19,R4,Center,134.0,,2024-12-12,
2025-02-19,R6,Center,150.0,2.0,2025-01-21,2025-02-15
2025-02-19,R6,N,146.0,1.0,2025-01-21,2025-02-15
2025-02-19,R6,W,138.0,3.0,2025-01-21,2025-02-15
2025-02-19,R6,S,152.0,2.0,2025-01-21,2025-02-15
2025-02-19,R6,E,137.0,1.0,2025-01-21,2025-02-15
2025-02-19,R6,Center,145.0,0.0,2025-01-21,2025-02-12
2025-02-19,R6,N,135.0,0.0,2025-01-21,2025-02-12
2025-02-19,R6,W,121.0,0.0,2025-02-12,
2025-02-19,R6,S,142.0,0.0,2025-01-21,2025-02-12
2025-02-19,R6,E,147.0,0.0,2025-01-21,2025-02-12
2025-02-19,R6,Center,147.0,0.0,2025-01-21,2025-02-17
2025-02-19,R6,N,138.0,0.0,2025-01-21,2025-02-17
2025-02-19,R6,W,135.0,0.0,2025-01-21,2025-02-17
2025-02-19,R6,S,134.0,0.0,2025-02-17,
2025-02-19,R6,E,144.0,0.0,2025-01-21,2025-02-17
2025-02-19,R3,Center,149.0,0.0,2024-12-04,2025-02-15
2025-02-19,R3,N,145.0,0.0,2024-12-04,2025-02-15
2025-02-19,R3,W,143.0,0.0,2024-12-04,2025-02-15
2025-02-19,R3,S,146.0,0.0,2024-12-04,2025-02-15
2025-02-19,R3,E,144.0,0.0,2024-12-04,2025-02-15
2025-02-19,R3,Center,151.0,0.0,2024-12-11,2025-02-18
2025-02-19,R3,N,143.0,0.0,2024-12-11,2025-02-18
2025-02-19,R3,W,141.0,0.0,2024-12-11,2025-02-18
2025-02-19,R3,S,138.0,0.0,2024-12-11,2025-02-18
2025-02-19,R3,E,140.0,0.0,2024-12-11,2025-02-18
2025-02-19,R7,Center,135.0,0.0,2025-01-21,2025-02-17
2025-02-19,R7,N,142.0,0.0,2025-01-21,2025-02-17
2025-02-19,R7,W,135.0,0.0,2025-01-21,2025-02-17
2025-02-19,R7,S,152.0,0.0,2025-01-21,2025-02-17
2025-02-19,R7,E,152.0,0.0,2025-01-21,2025-02-17
2025-02-19,R7,Center,143.0,0.0,2025-01-21,2025-02-18
2025-02-19,R7,N,145.0,0.0,2025-01-21,2025-02-18
2025-02-19,R7,W,139.0,0.0,2025-01-21,2025-02-18
2025-02-19,R7,S,150.0,0.0,2025-01-21,2025-02-18
2025-02-19,R7,E,151.0,0.0,2025-01-21,2025-02-18
2025-02-19,R4,Center,149.0,0.0,2024-12-04,2025-02-14
2025-02-19,R4,N,147.0,0.0,2024-12-04,2025-02-14
2025-02-19,R4,W,151.0,0.0,2024-12-04,2025-02-14
2025-02-19,R4,S,151.0,0.0,2024-12-04,2025-02-14
2025-02-19,R4,E,151.0,0.0,2024-12-04,2025-02-14
2025-02-19,R4,Center,135.0,0.0,2025-02-17,
2025-02-19,R4,N,136.0,0.0,2025-02-17,
2025-02-19,R4,W,125.0,0.0,2025-02-17,
2025-02-19,R4,S,140.0,0.0,2025-02-17,
2025-02-19,R4,E,139.0,0.0,2025-02-17,
2025-02-19,R4,Center,132.0,0.0,2025-02-18,
2025-02-19,R4,N,130.0,0.0,2025-02-18,
2025-02-19,R4,W,146.0,0.0,2024-12-04,2025-02-18
2025-02-19,R4,S,143.0,0.0,2024-12-04,2025-02-18
2025-02-19,R4,E,135.0,0.0,2024-12-04,2025-02-18
2025-02-20,R3,N,129.0,11.0,2024-12-11,
2025-02-20,R3,Center,147.0,1.0,2024-12-04,2025-02-15
2025-02-20,R3,N,149.0,3.0,2024-12-04,2025-02-15
2025-02-20,R3,W,147.0,5.0,2024-12-04,2025-02-15
2025-02-20,R3,S,141.0,1.0,2024-12-04,2025-02-15
2025-02-20,R3,E,152.0,1.0,2024-12-04,2025-02-15
2025-02-20,R4,Center,127.0,16.0,2024-12-06,
2025-02-20,R4,N,115.0,16.0,2024-12-06,
2025-02-20,R4,W,123.0,23.0,2024-12-06,
2025-02-20,R4,S,134.0,16.0,2024-12-06,
2025-02-20,R4,E,116.0,18.0,2024-12-06,
2025-02-20,R6,Center,117.0,8.0,2025-01-25,
2025-02-20,R6,S,130.0,3.0,2025-01-25,
2025-02-20,R6,E,131.0,6.0,2025-01-25,
2025-02-20,R6,Center,140.0,0.0,2025-02-16,
2025-02-20,R6,N,148.0,2.0,2025-02-16,
2025-02-20,R6,W,135.0,2.0,2025-02-16,
2025-02-20,R6,E,135.0,1.0,2025-02-16,
2025-02-20,R6,Center,154.0,3.0,2025-01-22,2025-02-13
2025-02-20,R6,N,146.0,2.0,2025-01-22,2025-02-13
2025-02-20,R6,W,146.0,2.0,2025-01-22,2025-02-13
2025-02-20,R6,S,145.0,5.0,2025-01-22,2025-02-13
2025-02-20,R6,E,157.0,4.0,2025-01-22,2025-02-13
2025-02-20,R7,Center,157.0,1.0,2025-01-21,2025-02-15
2025-02-20,R7,N,150.0,1.0,2025-01-21,2025-02-15
2025-02-20,R7,W,158.0,4.0,2025-01-21,2025-02-15
2025-02-20,R7,S,140.0,1.0,2025-01-21,2025-02-15
2025-02-20,R7,E,142.0,1.0,2025-01-21,2025-02-15
2025-02-20,R7,Center,134.0,0.0,2025-02-16,
2025-02-20,R7,N,131.0,0.0,2025-02-16,
2025-02-20,R7,W,137.0,10.0,2025-01-25,2025-02-16
2025-02-20,R7,S,140.0,2.0,2025-01-25,2025-02-16
2025-02-20,R7,E,138.0,1.0,2025-01-25,2025-02-16
2025-02-20,R7,Center,148.0,1.0,2024-12-04,2025-02-14
2025-02-20,R7,N,138.0,17.0,2024-12-04,2025-02-14
2025-02-20,R7,W,147.0,1.0,2024-12-04,2025-02-14
2025-02-20,R7,S,148.0,3.0,2024-12-04,2025-02-14
2025-02-20,R7,E,146.0,1.0,2024-12-04,2025-02-14
2025-02-21,R3,Center,147.0,5.0,2024-12-11,
2025-02-21,R3,N,149.0,1.0,2024-12-11,
2025-02-21,R3,W,146.0,1.0,2024-12-11,
2025-02-21,R3,S,143.0,1.0,2024-12-11,
2025-02-21,R3,E,149.0,1.0,2024-12-11,
2025-02-21,R4,Center,140.0,24.0,2024-12-11,
2025-02-21,R6,Center,147.0,9.0,2025-01-25,2025-02-20
2025-02-21,R6,N,139.0,3.0,2025-01-25,
2025-02-21,R6,W,151.0,2.0,2025-01-25,2025-02-20
2025-02-21,R6,S,143.0,6.0,2025-01-25,2025-02-20
2025-02-21,R6,E,145.0,6.0,2025-01-25,2025-02-20
2025-02-21,R7,Center,146.0,2.0,2025-01-27,
2025-02-21,R7,N,140.0,2.0,2025-01-30,
2025-02-21,R7,W,139.0,1.0,2025-01-27,
2025-02-21,R7,S,147.0,1.0,2025-01-27,2025-02-19
2025-02-21,R7,E,145.0,1.0,2025-01-27,
2025-02-21,R7,Center,142.0,1.0,2025-01-26,2025-02-12
2025-02-21,R7,N,146.0,1.0,2025-01-26,2025-02-12
2025-02-21,R7,W,150.0,3.0,2025-01-26,2025-02-12
2025-02-21,R7,S,148.0,2.0,2025-01-26,2025-02-12
2025-02-21,R7,E,144.0,2.0,2025-01-26,2025-02-12
2025-02-21,R7,Center,142.0,2.0,2025-01-25,2025-02-13
2025-02-21,R7,N,131.0,1.0,2025-01-25,2025-02-13
2025-02-21,R7,W,147.0,1.0,2025-01-25,2025-02-13
2025-02-21,R7,S,150.0,1.0,2025-01-25,2025-02-13
2025-02-21,R7,E,142.0,1.0,2025-01-25,2025-02-13
2025-02-21,R6,Center,151.0,1.0,2025-01-27,2025-02-14
2025-02-21,R6,N,154.0,1.0,2025-01-27,2025-02-14
2025-02-21,R6,W,151.0,1.0,2025-01-27,2025-02-14
2025-02-21,R6,S,151.0,1.0,2025-01-27,2025-02-14
2025-02-21,R6,E,140.0,1.0,2025-01-27,2025-02-14
2025-02-21,R3,Center,152.0,1.0,2024-12-04,2025-02-14
2025-02-21,R3,N,150.0,1.0,2024-12-04,2025-02-14
2025-02-21,R3,W,150.0,1.0,2024-12-04,2025-02-14
2025-02-21,R3,S,152.0,4.0,2024-12-04,2025-02-14
2025-02-21,R3,E,155.0,1.0,2024-12-04,2025-02-14
2025-02-21,R3,Center,147.0,2.0,2024-12-06,2025-02-13
2025-02-21,R3,N,150.0,2.0,2024-12-06,2025-02-13
2025-02-21,R3,W,145.0,4.0,2024-12-06,2025-02-13
2025-02-21,R3,S,155.0,4.0,2024-12-06,2025-02-13
2025-02-21,R3,E,139.0,4.0,2024-12-06,2025-02-13
2025-02-21,R3,Center,134.0,1.0,2025-02-12,
2025-02-21,R3,N,125.0,1.0,2025-02-12,
2025-02-21,R3,W,133.0,2.0,2025-02-12,
2025-02-21,R3,S,139.0,1.0,2025-02-12,
2025-02-21,R3,E,131.0,1.0,2025-02-12,
2025-02-21,R4,Center,151.0,2.0,2024-12-04,2025-02-15
2025-02-21,R4,N,149.0,1.0,2024-12-04,2025-02-15
2025-02-21,R4,W,139.0,1.0,2024-12-04,2025-02-15
2025-02-21,R4,S,118.0,1.0,2024-12-04,2025-02-15
2025-02-21,R4,E,145.0,1.0,2024-12-04,2025-02-15
2025-02-21,R4,Center,146.0,3.0,2024-12-06,2025-02-13
2025-02-21,R4,N,150.0,3.0,2024-12-06,2025-02-13
2025-02-21,R4,W,144.0,3.0,2024-12-06,2025-02-13
2025-02-21,R4,S,147.0,3.0,2024-12-06,2025-02-13
2025-02-21,R4,E,148.0,3.0,2024-12-06,2025-02-13
2025-02-22,R1,Center,123.0,29.0,2024-12-04,
2025-02-22,R1,N,136.0,19.0,2024-12-04,
2025-02-22,R1,W,126.0,20.0,2024-12-04,
2025-02-22,R1,S,129.0,21.0,2024-12-04,
2025-02-22,R1,E,130.0,18.0,2024-12-04,
2025-02-22,R2,Center,130.0,14.0,2024-12-04,
2025-02-22,R2,N,139.0,7.0,2024-12-04,
2025-02-22,R2,W,135.0,20.0,2024-12-04,
2025-02-22,R2,S,130.0,14.0,2024-12-04,
2025-02-22,R2,E,131.0,13.0,2024-12-04,
2025-02-22,R5,Center,147.0,16.0,2025-01-15,
2025-02-22,R5,N,154.0,15.0,2025-01-15,
2025-02-22,R5,W,150.0,6.0,2025-01-15,
2025-02-22,R5,S,146.0,12.0,2025-01-15,
2025-02-22,R5,E,160.0,5.0,2025-01-15,
2025-02-22,R8,Center,152.0,20.0,2025-01-15,
2025-02-22,R8,N,151.0,9.0,2025-01-15,
2025-02-22,R8,W,141.0,15.0,2025-01-15,
2025-02-22,R8,S,150.0,11.0,2025-01-15,
2025-02-22,R8,E,139.0,14.0,2025-01-15,
2025-02-23,R6,E,148.0,9.0,2025-01-15,2025-02-12
2025-02-23,R6,S,155.0,1.0,2025-01-15,2025-02-12
2025-02-23,R6,W,152.0,1.0,2025-01-15,2025-02-12
2025-02-23,R6,N,141.0,15.0,2025-01-15,2025-02-12
2025-02-23,R6,E,133.0,1.0,2025-01-17,2025-02-18
2025-02-23,R6,S,145.0,1.0,2025-01-17,2025-02-18
2025-02-23,R6,W,141.0,1.0,2025-01-17,2025-02-18
2025-02-23,R6,N,145.0,1.0,2025-01-17,2025-02-18
2025-02-23,R6,E,151.0,1.0,2025-01-25,2025-02-20
2025-02-23,R6,S,156.0,1.0,2025-01-25,2025-02-20
2025-02-23,R6,W,153.0,1.0,2025-01-25,2025-02-20
2025-02-23,R6,N,153.0,1.0,2025-01-25,2025-02-20
2025-02-23,R7,E,170.0,1.0,2025-01-21,2025-02-15
2025-02-23,R7,S,143.0,1.0,2025-01-21,2025-02-15
2025-02-23,R7,W,159.0,1.0,2025-01-21,2025-02-15
2025-02-23,R7,N,159.0,1.0,2025-01-21,2025-02-15
2025-02-23,R7,E,151.0,1.0,2025-01-21,2025-02-20
2025-02-23,R7,S,154.0,1.0,2025-01-21,2025-02-20
2025-02-23,R7,W,144.0,1.0,2025-01-21,2025-02-20
2025-02-23,R7,N,135.0,1.0,2025-01-21,2025-02-20
2025-02-23,R3,E,146.0,1.0,2024-12-04,2025-02-14
2025-02-23,R3,S,158.0,1.0,2024-12-04,2025-02-14
2025-02-23,R3,W,152.0,1.0,2024-12-04,2025-02-14
2025-02-23,R3,N,147.0,1.0,2024-12-04,2025-02-14
2025-02-23,R3,E,152.0,1.0,2024-12-11,2025-02-20
2025-02-23,R3,S,154.0,1.0,2024-12-11,2025-02-20
2025-02-23,R3,W,151.0,1.0,2024-12-11,2025-02-20
2025-02-23,R3,N,152.0,1.0,2024-12-11,2025-02-20
2025-02-23,R4,E,152.0,1.0,2024-12-04,2025-02-15
2025-02-23,R4,S,152.0,1.0,2024-12-04,2025-02-15
2025-02-23,R4,W,136.0,1.0,2025-02-15,
2025-02-23,R4,N,137.0,1.0,2025-02-15,
2025-02-23,R4,E,148.0,1.0,2024-12-06,2025-02-20
2025-02-23,R4,S,151.0,1.0,2024-12-06,2025-02-20
2025-02-23,R4,W,156.0,1.0,2024-12-06,2025-02-20
2025-02-23,R4,N,131.0,1.0,2024-12-06,
2025-03-17,R1,S,150.0,20.0,2024-12-04,
2025-03-17,R3,S,168.0,2.0,2024-12-04,2025-02-14
2025-03-17,R4,S,166.0,2.0,2024-12-06,2025-02-20
2025-03-17,R5,S,166.0,6.0,2025-01-15,
2025-03-17,R6,S,147.0,5.0,2025-01-15,2025-02-12
2025-03-17,R7,S,182.0,2.0,2025-01-21,2025-02-15
2025-03-17,R8,S,147.0,19.0,2025-01-15,
2025-03-29,R1,N,140.0,33.0,2024-12-04,
2025-03-29,R1,S,152.0,28.0,2024-12-04,
2025-03-29,R1,E,144.0,40.0,2024-12-04,
2025-03-29,R1,W,152.0,23.0,2024-12-04,
2025-03-29,R2,N,145.0,27.0,2024-12-04,
2025-03-29,R2,S,154.0,24.0,2024-12-04,
2025-03-29,R2,E,157.0,14.0,2024-12-04,
2025-03-29,R2,W,153.0,28.0,2024-12-04,
2025-03-29,R3,N,171.0,9.0,2024-12-04,2025-02-14
2025-03-29,R3,S,171.0,4.0,2024-12-04,2025-02-14
2025-03-29,R3,E,167.0,6.0,2024-12-04,2025-02-14
2025-03-29,R3,W,177.0,3.0,2024-12-04,2025-02-14
2025-03-29,R4,N,180.0,4.0,2024-12-06,2025-02-20
2025-03-29,R4,S,176.0,4.0,2024-12-06,2025-02-20
2025-03-29,R4,E,178.0,16.0,2024-12-06,2025-02-20
2025-03-29,R4,W,174.0,7.0,2024-12-06,2025-02-20
2025-03-29,R5,N,163.0,13.0,2025-01-15,
2025-03-29,R5,S,174.0,13.0,2025-01-15,
2025-03-29,R5,E,168.0,20.0,2025-01-15,
2025-03-29,R5,W,178.0,14.0,2025-01-15,
2025-03-29,R6,N,170.0,27.0,2025-01-15,2025-02-12
2025-03-29,R6,S,180.0,1.0,2025-01-15,2025-02-12
2025-03-29,R6,E,181.0,2.0,2025-01-15,2025-02-12
2025-03-29,R6,W,160.0,10.0,2025-01-15,2025-02-12
2025-03-29,R7,N,181.0,11.0,2025-01-21,2025-02-15
2025-03-29,R7,S,180.0,2.0,2025-01-21,2025-02-15
2025-03-29,R7,E,140.0,20.0,2025-01-21,2025-02-15
2025-03-29,R7,W,175.0,4.0,2025-01-21,2025-02-15
2025-03-29,R8,N,161.0,13.0,2025-01-15,
2025-03-29,R8,S,159.0,20.0,2025-01-15,
2025-03-29,R8,E,160.0,14.0,2025-01-15,
2025-03-29,R8,W,150.0,18.0,2025-01-15,
2025-04-04,R1,N,169.0,19.0,2024-12-04,
2025-04-04,R1,S,174.0,19.0,2024-12-04,
2025-04-04,R1,E,169.0,20.0,2024-12-04,
2025-04-04,R1,W,169.0,22.0,2024-12-04,
2025-04-04,R2,N,150.0,20.0,2024-12-04,
2025-04-04,R2,S,160.0,20.0,2024-12-04,
2025-04-04,R2,E,151.0,13.0,2024-12-04,
2025-04-04,R2,W,160.0,24.0,2024-12-04,
2025-04-04,R3,N,186.0,7.0,2024-12-04,2025-02-14
2025-04-04,R3,S,180.0,5.0,2024-12-04,2025-02-14
2025-04-04,R3,E,180.0,6.0,2024-12-04,2025-02-14
2025-04-04,R3,W,183.0,11.0,2024-12-04,2025-02-14
2025-04-04,R4,N,186.0,18.0,2024-12-06,2025-02-20
2025-04-04,R4,S,179.0,4.0,2024-12-06,2025-02-20
2025-04-04,R4,E,180.0,6.0,2024-12-06,2025-02-20
2025-04-04,R4,W,184.0,9.0,2024-12-06,2025-02-20
2025-04-04,R5,N,180.0,18.0,2025-01-15,
2025-04-04,R5,S,178.0,20.0,2025-01-15,
2025-04-04,R5,E,170.0,20.0,2025-01-15,
2025-04-04,R5,W,196.0,17.0,2025-01-15,
2025-04-04,R6,N,180.0,17.0,2025-01-15,2025-02-12
2025-04-04,R6,S,184.0,2.0,2025-01-15,2025-02-12
2025-04-04,R6,E,180.0,17.0,2025-01-15,2025-02-12
2025-04-04,R6,W,181.0,6.0,2025-01-15,2025-02-12
2025-04-04,R7,N,199.0,16.0,2025-01-21,2025-02-15
2025-04-04,R7,S,181.0,20.0,2025-01-21,2025-02-15
2025-04-04,R7,E,180.0,7.0,2025-01-21,2025-02-15
2025-04-04,R7,W,179.0,20.0,2025-01-21,2025-02-15
2025-04-04,R8,N,175.0,5.0,2025-01-15,
2025-04-04,R8,S,175.0,23.0,2025-01-15,
2025-04-04,R8,E,173.0,7.0,2025-01-15,
2025-04-04,R8,W,170.0,20.0,2025-01-15,
2025-04-16,R1,,154.0,38.0,2024-12-04,
2025-04-16,R2,,163.0,29.0,2024-12-04,
2025-04-16,R3,,181.0,15.0,2024-12-04,2025-02-14
2025-04-16,R4,,188.0,24.0,2024-12-06,2025-02-20
2025-04-16,R5,,147.0,21.0,2025-01-15,
2025-04-16,R6,,191.0,4.0,2025-01-15,2025-02-12
2025-04-16,R7,,186.0,26.0,2025-01-21,2025-02-15
2025-04-16,R8,,152.0,35.0,2025-01-15,
2025-04-20,R1,NE,178.0,,2024-12-04,
2025-04-20,R1,N,178.0,,2024-12-04,
2025-04-20,R1,E,179.0,,2024-12-04,
2025-04-20,R1,SE,174.0,,2024-12-04,
2025-04-20,R1,S,182.0,,2024-12-04,
2025-04-20,R1,W,184.0,,2024-12-04,
2025-04-20,R1,NW,179.0,,2024-12-04,
2025-04-20,R1,SW,184.0,,2024-12-04,
2025-04-20,R2,N,158.0,,2024-12-04,
2025-04-20,R2,NE,159.0,,2024-12-04,
2025-04-20,R2,E,161.0,,2024-12-04,
2025-04-20,R2,SE,162.0,,2024-12-04,
2025-04-20,R2,S,162.0,,2024-12-04,
2025-04-20,R2,SW,166.0,,2024-12-04,
2025-04-20,R2,W,162.0,,2024-12-04,
2025-04-20,R2,NW,162.0,,2024-12-04,
2025-04-20,R3,N,183.0,,2024-12-04,2025-02-14
2025-04-20,R3,S,181.0,,2024-12-04,2025-02-14
2025-04-20,R3,E,180.0,,2024-12-04,2025-02-14
2025-04-20,R3,W,184.0,,2024-12-04,2025-02-14
2025-04-20,R4,N,190.0,,2024-12-06,2025-02-20
2025-04-20,R4,S,189.0,,2024-12-06,2025-02-20
2025-04-20,R4,E,182.0,,2024-12-06,2025-02-20
2025-04-20,R4,W,181.0,,2024-12-06,2025-02-20
2025-04-20,R5,N,178.0,,2025-01-15,
2025-04-20,R5,S,173.0,,2025-01-15,
2025-04-20,R5,E,184.0,,2025-01-15,
2025-04-20,R5,W,177.0,,2025-01-15,
2025-04-20,R6,N,191.0,,2025-01-15,2025-02-12
2025-04-20,R6,S,163.0,,2025-01-15,2025-02-12
2025-04-20,R6,E,187.0,,2025-01-15,2025-02-12
2025-04-20,R6,W,192.0,,2025-01-15,2025-02-12
2025-04-20,R7,N,198.0,,2025-01-21,2025-02-15
2025-04-20,R7,S,196.0,,2025-01-21,2025-02-15
2025-04-20,R7,E,191.0,,2025-01-21,2025-02-15
2025-04-20,R7,W,193.0,,2025-01-21,2025-02-15
2025-04-20,R8,N,169.0,,2025-01-15,
2025-04-20,R8,S,177.0,,2025-01-15,
2025-04-20,R8,E,170.0,,2025-01-15,
2025-04-20,R8,W,165.0,,2025-01-15,
2025-05-03,R1,N,151.0,45.0,2024-12-04,
2025-05-03,R1,E,157.0,36.0,2024-12-04,
2025-05-03,R1,S,175.0,22.0,2024-12-04,
2025-05-03,R1,W,167.0,28.0,2024-12-04,
2025-05-03,R2,N,176.0,29.0,2024-12-04,
2025-05-03,R2,E,182.0,36.0,2024-12-04,
2025-05-03,R2,S,177.0,15.0,2024-12-04,
2025-05-03,R2,W,163.0,30.0,2024-12-04,
2025-05-03,R3,N,197.0,7.0,2024-12-04,2025-02-14
2025-05-03,R3,E,188.0,22.0,2024-12-04,2025-02-14
2025-05-03,R3,S,200.0,18.0,2024-12-04,2025-02-14
2025-05-03,R3,W,185.0,17.0,2024-12-04,2025-02-14
2025-05-03,R4,N,185.0,8.0,2024-12-06,2025-02-20
2025-05-03,R4,E,193.0,29.0,2024-12-06,2025-02-20
2025-05-03,R4,S,185.0,24.0,2024-12-06,2025-02-20
2025-05-03,R4,W,181.0,26.0,2024-12-06,2025-02-20
2025-05-03,R5,N,178.0,18.0,2025-01-15,
2025-05-03,R5,E,193.0,12.0,2025-01-15,
2025-05-03,R5,S,180.0,25.0,2025-01-15,
2025-05-03,R5,W,184.0,23.0,2025-01-15,
2025-05-03,R6,N,175.0,15.0,2025-01-15,2025-02-12
2025-05-03,R6,E,183.0,13.0,2025-01-15,2025-02-12
2025-05-03,R6,S,201.0,14.0,2025-01-15,2025-02-12
2025-05-03,R6,W,196.0,19.0,2025-01-15,2025-02-12
2025-05-03,R7,N,205.0,12.0,2025-01-21,2025-02-15
2025-05-03,R7,E,195.0,18.0,2025-01-21,2025-02-15
2025-05-03,R7,S,196.0,16.0,2025-01-21,2025-02-15
2025-05-03,R7,W,217.0,16.0,2025-01-21,2025-02-15
2025-05-03,R8,N,186.0,12.0,2025-01-15,
2025-05-03,R8,E,182.0,25.0,2025-01-15,
2025-05-03,R8,S,172.0,28.0,2025-01-15,
2025-05-03,R8,W,171.0,18.0,2025-01-15,
2025-05-12,R5,,158.0,27.0,2025-01-21,
2025-05-12,R5,,181.0,27.0,2025-01-21,
2025-05-12,R5,,179.0,23.0,2025-01-31,
2025-05-12,R5,,203.0,13.0,2025-01-21,
2025-05-12,R5,,192.0,20.0,2025-01-21,
2025-05-12,R5,,194.0,10.0,2025-01-27,
2025-05-12,R5,,170.0,28.0,2025-01-21,
2025-05-12,R5,,169.0,18.0,2025-01-21,
2025-05-12,R5,,184.0,24.0,2025-01-27,
2025-05-12,R5,,184.0,31.0,2025-01-23,
2025-05-12,R5,,186.0,22.0,2025-01-21,
2025-05-12,R5,,190.0,15.0,2025-01-21,
2025-05-12,R5,,190.0,6.0,2025-01-24,
2025-05-12,R1,,170.0,32.0,2024-12-06,
2025-05-12,R1,,180.0,28.0,2024-12-12,
2025-05-12,R1,,180.0,21.0,2024-12-04,
2025-05-12,R1,,152.0,39.0,2024-12-04,
2025-05-12,R1,,176.0,14.0,2024-12-04,
2025-05-12,R1,,178.0,33.0,2024-12-04,
2025-05-12,R1,,175.0,24.0,2024-12-04,
2025-05-12,R1,,180.0,17.0,2024-12-04,
2025-05-12,R1,,177.0,23.0,2024-12-04,
2025-05-12,R1,,181.0,19.0,2024-12-04,
2025-05-12,R1,,198.0,18.0,2024-12-04,
2025-05-12,R1,,166.0,18.0,2024-12-04,
2025-05-12,R1,,180.0,20.0,2024-12-09,
2025-05-13,R2,,158.0,24.0,2024-12-04,
2025-05-13,R2,,190.0,13.0,2024-12-04,
2025-05-13,R2,,182.0,16.0,2024-12-04,
2025-05-13,R2,,172.0,33.0,2024-12-12,
2025-05-13,R2,,169.0,28.0,2024-12-04,
2025-05-13,R2,,176.0,34.0,2024-12-12,
2025-05-13,R2,,168.0,22.0,2024-12-07,
2025-05-13,R2,,180.0,20.0,2024-12-04,
2025-05-13,R2,,183.0,26.0,2024-12-04,
2025-05-13,R2,,175.0,31.0,2024-12-04,
2025-05-13,R2,,175.0,19.0,2024-12-07,
2025-05-13,R2,,181.0,21.0,2024-12-07,
2025-05-13,R3,,181.0,15.0,2024-12-11,2025-02-16
2025-05-13,R3,,197.0,17.0,2024-12-11,2025-02-16
2025-05-13,R3,,186.0,9.0,2024-12-11,2025-02-19
2025-05-13,R3,,194.0,5.0,2024-12-11,2025-02-20
2025-05-13,R3,,172.0,22.0,2024-12-11,
2025-05-13,R3,,192.0,14.0,2024-12-11,2025-02-18
2025-05-13,R3,,190.0,26.0,2024-12-06,2025-02-13
2025-05-13,R3,,187.0,23.0,2024-12-11,2025-02-20
2025-05-13,R3,,190.0,17.0,2024-12-04,2025-02-14
2025-05-13,R3,,160.0,31.0,2024-12-04,
2025-05-13,R3,,175.0,17.0,2024-12-04,
2025-05-13,R3,,199.0,15.0,2024-12-04,2025-02-17
2025-05-13,R3,,177.0,21.0,2024-12-04,
2025-05-13,R4,,169.0,25.0,2024-12-06,
2025-05-13,R4,,191.0,10.0,2024-12-04,2025-02-18
2025-05-13,R4,,178.0,21.0,2024-12-06,2025-02-19
2025-05-13,R4,,170.0,23.0,2024-12-04,
2025-05-13,R4,,200.0,7.0,2024-12-04,2025-02-14
2025-05-13,R4,,188.0,23.0,2024-12-04,2025-02-14
2025-05-13,R4,,179.0,34.0,2024-12-04,2025-02-15
2025-05-13,R4,,199.0,16.0,2024-12-04,2025-02-13
2025-05-13,R4,,194.0,14.0,2024-12-04,2025-02-17
2025-05-13,R4,,161.0,22.0,2024-12-04,
2025-05-13,R4,,200.0,8.0,2024-12-04,2025-02-17
2025-05-14,R6,,161.0,28.0,2025-01-21,
2025-05-14,R6,,199.0,25.0,2025-01-22,2025-02-15
2025-05-14,R6,,203.0,19.0,2025-01-22,2025-02-13
2025-05-14,R6,,194.0,18.0,2025-01-21,2025-02-18
2025-05-14,R6,,197.0,13.0,2025-01-21,2025-02-15
2025-05-14,R6,,190.0,10.0,2025-01-21,2025-02-15
2025-05-14,R6,,186.0,10.0,2025-01-21,2025-02-18
2025-05-14,R6,,192.0,3.0,2025-01-21,2025-02-18
2025-05-14,R6,,189.0,16.0,2025-01-21,2025-02-17
2025-05-14,R6,,181.0,12.0,2025-01-21,
2025-05-14,R6,,177.0,19.0,2025-01-21,
2025-05-14,R6,,191.0,19.0,2025-01-21,2025-02-16
2025-05-14,R6,,192.0,11.0,2025-01-21,2025-02-17
2025-05-14,R6,,202.0,11.0,2025-01-27,2025-02-14
2025-05-14,R6,,181.0,18.0,2025-01-27,2025-02-14
2025-05-14,R7,,184.0,12.0,2025-01-25,2025-02-13
2025-05-14,R7,,186.0,12.0,2025-01-25,2025-02-13
2025-05-14,R7,,197.0,18.0,2025-01-26,
2025-05-14,R7,,197.0,13.0,2025-01-25,2025-02-21
2025-05-14,R7,,189.0,11.0,2025-01-23,2025-02-14
2025-05-14,R7,,201.0,6.0,2025-01-23,2025-02-14
2025-05-14,R7,,187.0,17.0,2025-01-24,2025-02-14
2025-05-14,R7,,191.0,13.0,2025-01-25,2025-02-21
2025-05-14,R7,,194.0,13.0,2025-01-25,2025-02-21
2025-05-14,R7,,190.0,16.0,2025-01-21,2025-02-20
2025-05-14,R7,,199.0,7.0,2025-01-21,2025-02-18
2025-05-14,R7,,189.0,17.0,2025-01-21,2025-02-17
2025-05-14,R7,,201.0,11.0,2025-01-21,2025-02-15
2025-05-15,R8,,183.0,15.0,2025-01-21,
2025-05-15,R8,,183.0,18.0,2025-01-24,
2025-05-15,R8,,185.0,14.0,2025-01-21,
2025-05-15,R8,,179.0,11.0,2025-01-21,
2025-05-15,R8,,178.0,26.0,2025-01-21,
2025-05-15,R8,,195.0,13.0,2025-01-22,
2025-05-15,R8,,186.0,18.0,2025-01-21,
2025-05-15,R8,,187.0,19.0,2025-01-21,
2025-05-15,R8,,186.0,18.0,2025-01-21,
2025-05-15,R8,,181.0,18.0,2025-01-22,
2025-05-15,R8,,184.0,17.0,2025-01-21,
2025-05-15,R8,,176.0,28.0,2025-01-21,
2025-05-15,R8,,191.0,8.0,2025-01-23,
2025-05-20,R1,Center,,35.0,,
2025-05-20,R2,Center,,37.0,,
2025-05-20,R3,Center,,25.0,,
2025-05-20,R4,Center,,28.0,,
2025-05-20,R5,Center,,15.0,,
2025-05-20,R6,Center,,10.0,,
2025-05-20,R7,Center,,30.0,,
2025-05-20,R8,Center,,30.0,,
